{
  "display": {
    "icon": {
      "item": "minecraft:brown_dye"
    },
    "title": "Poo in the Loo",
    "description": "Obtain Brown Dye",
    "announce_to_chat": true,
    "hidden": false
  },
  "parent": "minecraft:husbandry/plant_any_sniffer_seed",
  "criteria": {
    "Browndyeobtain": {
      "trigger": "minecraft:inventory_changed",
      "conditions": {
        "player": [
          {
            "condition": "minecraft:entity_properties",
            "entity": "this",
            "predicate": {
              "type": "minecraft:player"
            }
          }
        ],
        "items": [
          {
            "items": [
              "minecraft:brown_dye"
            ],
            "count": 1
          }
        ]
      }
    }
  }
}
