{
  "display": {
    "icon": {
      "item": "minecraft:piglin_head"
    },
    "title": "Decapitation!",
    "description": "Obtain a piglin head",
    "announce_to_chat": true,
    "hidden": false
  },
  "parent": "minecraft:adventure/kill_a_mob",
  "criteria": {
    "Piglinheadobtain": {
      "trigger": "minecraft:inventory_changed",
      "conditions": {
        "player": [
          {
            "condition": "minecraft:entity_properties",
            "entity": "this",
            "predicate": {
              "type": "minecraft:player"
            }
          }
        ],
        "items": [
          {
            "items": [
              "minecraft:piglin_head"
            ],
            "count": 1
          }
        ]
      }
    }
  }
}
