{
  "display": {
    "icon": {
      "item": "minecraft:tnt"
    },
    "title": "MOOOOOOOOOOOODS",
    "description": "'Cord woke up",
    "announce_to_chat": true,
    "hidden": false
  },
  "parent": "minecraft:story/mine_stone",
  "criteria": {
    "tntpickup": {
      "trigger": "minecraft:inventory_changed",
      "conditions": {
        "player": [
          {
            "condition": "minecraft:all_of",
            "terms": []
          }
        ],
        "items": [
          {
            "items": [
              "minecraft:tnt"
            ],
            "count": 1
          }
        ]
      }
    }
  }
}
