{
  "display": {
    "icon": {
      "item": "minecraft:sculk_catalyst"
    },
    "title": "Putting the Mini in Miniboss",
    "description": "Kill a warden",
    "announce_to_chat": true,
    "hidden": false
  },
  "parent": "minecraft:adventure/kill_a_mob",
  "criteria": {
    "killwarden": {
      "trigger": "minecraft:player_killed_entity",
      "conditions": {
        "entity": [
          {
            "condition": "minecraft:entity_properties",
            "entity": "this",
            "predicate": {
              "type": "minecraft:warden"
            }
          }
        ]
      }
    }
  }
}
